Categoría,Subcategoría,Nombre,Marca,Imagen (URL),Precio,Enlace,Tipo de Empaque
Despensa,Aceites,Aceite Vegetal Premium 900 ml,PRIMOR,"https://tottus.falabella.com.pe/cdn-cgi/imagedelivery/4fYuQyy-r8_rpBpcY7lH_A/tottusPE/42757359_1/width=240,height=240,quality=70,format=webp,fit=pad",S/ 11,https://tottus.falabella.com.pe/tottus-pe/product/113706602/aceite-vegetal-primor-premium-botella-x-900ml/113706603?exp=tottus,Rígido
Despensa,Sin subcategoría,Six Pack Trozos De Atún En Aceite x 140 g,TOTTUS,"https://tottus.falabella.com.pe/cdn-cgi/imagedelivery/4fYuQyy-r8_rpBpcY7lH_A/tottusPE/43092552_1/width=240,height=240,quality=70,format=webp,fit=pad",S/ 24.90,https://tottus.falabella.com.pe/tottus-pe/product/120623057/six-pack-trozos-de-atun-en-aceite-tottus-x-140gr/120623059?exp=tottus,Flexible
Despensa,Azúcar y sustitutos,Azúcar Rubia 5 kg,TOTTUS,"https://tottus.falabella.com.pe/cdn-cgi/imagedelivery/4fYuQyy-r8_rpBpcY7lH_A/tottusPE/40546554_1/width=240,height=240,quality=70,format=webp,fit=pad",S/ 20.90,https://tottus.falabella.com.pe/tottus-pe/product/113705555/azucar-rubia-tottus-x5kg/113705556?exp=tottus,Flexible
Despensa,Arroz,Arroz Extra Costeño 5 kg,COSTENO,"https://tottus.falabella.com.pe/cdn-cgi/imagedelivery/4fYuQyy-r8_rpBpcY7lH_A/tottusPE/10472604_1/width=240,height=240,quality=70,format=webp,fit=pad",S/ 26.90,https://tottus.falabella.com.pe/tottus-pe/product/113707306/arroz-extra-costeno-5-kg/113707307?exp=tottus,Rígido
Despensa,Aceites,Aceite Vegetal Clásico 900 ml,PRIMOR,"https://tottus.falabella.com.pe/cdn-cgi/imagedelivery/4fYuQyy-r8_rpBpcY7lH_A/tottusPE/42757360_1/width=240,height=240,quality=70,format=webp,fit=pad",S/ 10,https://tottus.falabella.com.pe/tottus-pe/product/113706444/aceite-vegetal-primor-botella-x-900ml/113706446?exp=tottus,Rígido
Despensa,Sin subcategoría,Gelatina Fresa 130 g,UNIVERSAL,"https://tottus.falabella.com.pe/cdn-cgi/imagedelivery/4fYuQyy-r8_rpBpcY7lH_A/tottusPE/43085642_1/width=240,height=240,quality=70,format=webp,fit=pad",S/ 4.30,https://tottus.falabella.com.pe/tottus-pe/product/120309510/gelatina-de-fresa-universal-130g/120309511?exp=tottus,Rígido
Despensa,Sin subcategoría,Arroz Extra Añejo Bolsa x 10 Kg,GRAN CHALAN,"https://tottus.falabella.com.pe/cdn-cgi/imagedelivery/4fYuQyy-r8_rpBpcY7lH_A/tottusPE/43406236_1/width=240,height=240,quality=70,format=webp,fit=pad",S/ 42.50,https://tottus.falabella.com.pe/tottus-pe/product/136951384/arroz-extra-anejo-gran-chalan-x-10-kg/136951387?exp=tottus,Flexible
Despensa,Postres listos,Gelatina Naranja Bolsa 160 g,ROYAL,"https://tottus.falabella.com.pe/cdn-cgi/imagedelivery/4fYuQyy-r8_rpBpcY7lH_A/tottusPE/40683733_1/width=240,height=240,quality=70,format=webp,fit=pad",S/ 2.50,https://tottus.falabella.com.pe/tottus-pe/product/113708927/gelatina-royal-naranja-x160-gr/113708929?exp=tottus,Flexible
Despensa,Aceites,Aceite de Soya 900 mL,PRECIO UNO,"https://tottus.falabella.com.pe/cdn-cgi/imagedelivery/4fYuQyy-r8_rpBpcY7lH_A/tottusPE/40594675_1/width=240,height=240,quality=70,format=webp,fit=pad",S/ 5.80,https://tottus.falabella.com.pe/tottus-pe/product/113707164/aceite-de-soya-precio-uno-x-900ml/113707167?exp=tottus,Rígido
Despensa,Pastas,Fideos Spaghetti de 950 g,MOLITALIA,"https://tottus.falabella.com.pe/cdn-cgi/imagedelivery/4fYuQyy-r8_rpBpcY7lH_A/tottusPE/42828739_1/width=240,height=240,quality=70,format=webp,fit=pad",S/ 5.20,https://tottus.falabella.com.pe/tottus-pe/product/113707254/fideo-molitalia-spaghetti-bolsa-x-950g/113707255?exp=tottus,Flexible
Despensa,Pastas,Sémola 200 g,MOLITALIA,"https://tottus.falabella.com.pe/cdn-cgi/imagedelivery/4fYuQyy-r8_rpBpcY7lH_A/tottusPE/40378811_1/width=240,height=240,quality=70,format=webp,fit=pad",S/ 1,https://tottus.falabella.com.pe/tottus-pe/product/113706232/semola-molitalia-200-gr/113706233?exp=tottus,Flexible
Despensa,Sin subcategoría,Sazonador Ajinomix Pop Corn Mantequilla Caja x 6 Sobres,Sin marca,"https://tottus.falabella.com.pe/cdn-cgi/imagedelivery/4fYuQyy-r8_rpBpcY7lH_A/tottusPE/43376546_1/width=240,height=240,quality=70,format=webp,fit=pad",S/ 3.50,https://tottus.falabella.com.pe/tottus-pe/product/133453436/AJINOMIX-POP-CORN-SABOR-MANTEQUILLA-36GR/133453440?exp=tottus,Flexible
Despensa,Otros,Aceite de Girasol 900 mL,TOTTUS,"https://tottus.falabella.com.pe/cdn-cgi/imagedelivery/4fYuQyy-r8_rpBpcY7lH_A/tottusPE/41297507_1/width=240,height=240,quality=70,format=webp,fit=pad",S/ 6.10,https://tottus.falabella.com.pe/tottus-pe/product/113706214/aceite-de-girasol-tottus-x-900ml/113706215?exp=tottus,Rígido
Despensa,Premezclas,Premezcla para Panqueques Caseros de 720 g,BLANCA FLOR,"https://tottus.falabella.com.pe/cdn-cgi/imagedelivery/4fYuQyy-r8_rpBpcY7lH_A/tottusPE/41462534_1/width=240,height=240,quality=70,format=webp,fit=pad",S/ 9.29,https://tottus.falabella.com.pe/tottus-pe/product/113711622/mezcla-panq-casero-blanca-florx720gr/113711623?exp=tottus,Flexible
Despensa,Legumbres,Pack de Menestras Tottus: 500 g de lentejas + 500 g de arvejas + 500 g de frijoles canarios,TOTTUS,"https://tottus.falabella.com.pe/cdn-cgi/imagedelivery/4fYuQyy-r8_rpBpcY7lH_A/tottusPE/41817187_1/width=240,height=240,quality=70,format=webp,fit=pad",S/ 16.60,https://tottus.falabella.com.pe/tottus-pe/product/113707144/tottus-menestras-lenteja-arbeja-y-frijol-canario-41817187/113707145?exp=tottus,Flexible
Despensa,Arroz,Arroz Extra 5 kg,TOTTUS,"https://tottus.falabella.com.pe/cdn-cgi/imagedelivery/4fYuQyy-r8_rpBpcY7lH_A/tottusPE/40275956_1/width=240,height=240,quality=70,format=webp,fit=pad",S/ 22.90,https://tottus.falabella.com.pe/tottus-pe/product/113706045/arroz-extra-tottus-x-5-kg/113706046?exp=tottus,Flexible
Despensa,"Sopas, cremas y caldos",Sopa Instantánea Ajinomen Sabor gallina 80 g,AJINOMOTO,"https://tottus.falabella.com.pe/cdn-cgi/imagedelivery/4fYuQyy-r8_rpBpcY7lH_A/tottusPE/41074828_1/width=240,height=240,quality=70,format=webp,fit=pad",S/ 2,https://tottus.falabella.com.pe/tottus-pe/product/113707280/sopa-instantanea-gallinax80gr/113707281?exp=tottus,Rígido
Despensa,Aceites,Aceite de Oliva Puro 500 mL,EL OLIVAR,"https://tottus.falabella.com.pe/cdn-cgi/imagedelivery/4fYuQyy-r8_rpBpcY7lH_A/tottusPE/10400901_1/width=240,height=240,quality=70,format=webp,fit=pad",S/ 33.50,https://tottus.falabella.com.pe/tottus-pe/product/113713442/aceite-de-oliva-puro-x-500-ml-el-olivar/113713443?exp=tottus,Rígido
Despensa,Decoración y relleno,Crema de Avellanas 371g,NUTELLA,"https://tottus.falabella.com.pe/cdn-cgi/imagedelivery/4fYuQyy-r8_rpBpcY7lH_A/tottusPE/42305027_1/width=240,height=240,quality=70,format=webp,fit=pad",S/ 39.90,https://tottus.falabella.com.pe/tottus-pe/product/113714990/crema-de-avellanas-nutella-ferrero-x-371gr/113714991?exp=tottus,Flexible
Despensa,Sin subcategoría,Trozos Atún en Aceite Vegetal y Sal 140g,FLORIDA,"https://tottus.falabella.com.pe/cdn-cgi/imagedelivery/4fYuQyy-r8_rpBpcY7lH_A/tottusPE/42327028_1/width=240,height=240,quality=70,format=webp,fit=pad",S/ 5.80,https://tottus.falabella.com.pe/tottus-pe/product/116029481/trozos-atun-florida-en-aceite-vegetal-y-sal-140g/116029482?exp=tottus,Rígido
Despensa,Sin subcategoría,Keke de Plátano Rectangular,TOTTUS,"https://tottus.falabella.com.pe/cdn-cgi/imagedelivery/4fYuQyy-r8_rpBpcY7lH_A/tottusPE/41529738_1/width=240,height=240,quality=70,format=webp,fit=pad",S/ 8.90,https://tottus.falabella.com.pe/tottus-pe/product/115776622/keke-de-platano-rectangular-tottus-hpa/115776625?exp=tottus,Rígido
Despensa,Pastas,Spaghetti 950 g,DON VITTORIO,"https://tottus.falabella.com.pe/cdn-cgi/imagedelivery/4fYuQyy-r8_rpBpcY7lH_A/tottusPE/42722378_1/width=240,height=240,quality=70,format=webp,fit=pad",S/ 7,https://tottus.falabella.com.pe/tottus-pe/product/115807056/pasta-trigo-don-vittorio-spaghetti-bolsa-x-950g/115807059?exp=tottus,Flexible
Despensa,Bolsa 250 gr,Fideo Tornillo 250 g - Bolsa 250 gr,PRECIO UNO,"https://tottus.falabella.com.pe/cdn-cgi/imagedelivery/4fYuQyy-r8_rpBpcY7lH_A/tottusPE/41660786_1/width=240,height=240,quality=70,format=webp,fit=pad",S/ 1.30,https://tottus.falabella.com.pe/tottus-pe/product/118084561/precio-uno-tornillo-41660786/115848861?exp=tottus,Flexible
Despensa,Condimentos,Salsa Tare 300 g,ADELMI,"https://tottus.falabella.com.pe/cdn-cgi/imagedelivery/4fYuQyy-r8_rpBpcY7lH_A/tottusPE/41953384_1/width=240,height=240,quality=70,format=webp,fit=pad",S/ 7.70,https://tottus.falabella.com.pe/tottus-pe/product/113714482/salsa-tare-adelmi-x-330-gr/113714483?exp=tottus,Flexible
Despensa,Sin subcategoría,Fugde Heladero DoyPack x 200 g,BAZO VELARDE,"https://tottus.falabella.com.pe/cdn-cgi/imagedelivery/4fYuQyy-r8_rpBpcY7lH_A/tottusPE/40320354_1/width=240,height=240,quality=70,format=webp,fit=pad",S/ 3.90,https://tottus.falabella.com.pe/tottus-pe/product/123557782/fugde-heladero-doy-pack-200gr/123557783?exp=tottus,Flexible
Despensa,Especias,Laurel Entero 7 g,TOTTUS,"https://tottus.falabella.com.pe/cdn-cgi/imagedelivery/4fYuQyy-r8_rpBpcY7lH_A/tottusPE/40559396_1/width=240,height=240,quality=70,format=webp,fit=pad",S/ 2.50,https://tottus.falabella.com.pe/tottus-pe/product/113929037/tottus-laurel-x-7g/113929038?exp=tottus,Flexible
Despensa,Sin subcategoría,Choclo Dulce Desgranado Lata 425 g,OLIVOS DEL SUR,"https://tottus.falabella.com.pe/cdn-cgi/imagedelivery/4fYuQyy-r8_rpBpcY7lH_A/tottusPE/43282797_1/width=240,height=240,quality=70,format=webp,fit=pad",S/ 8.90,https://tottus.falabella.com.pe/tottus-pe/product/129569087/choclo-dulce-desgranado-425gr/129569092?exp=tottus,Flexible
Despensa,Empaque 36 g,SALSA BLANCA EN POLVO TOTTUSX 36 GR,TOTTUS,"https://tottus.falabella.com.pe/cdn-cgi/imagedelivery/4fYuQyy-r8_rpBpcY7lH_A/tottusPE/42677992_1/width=240,height=240,quality=70,format=webp,fit=pad",S/ 2,https://tottus.falabella.com.pe/tottus-pe/product/115855953/salsa-blanca-en-polvo-tottusx-36-gr/115855957?exp=tottus,Flexible
Despensa,Sin subcategoría,Display Chocolate Cookies and Creme Caja 36 Unidades x 43 g,HERSHEYS,"https://tottus.falabella.com.pe/cdn-cgi/imagedelivery/4fYuQyy-r8_rpBpcY7lH_A/tottusPE/43462339_1/width=240,height=240,quality=70,format=webp,fit=pad",S/ 151.20,https://tottus.falabella.com.pe/tottus-pe/product/139495994/hersheys-cnc-disp-x-36u-x-43g/139495995?exp=tottus,Rígido
Despensa,Pastas,Sémola 200 g,TOTTUS,"https://tottus.falabella.com.pe/cdn-cgi/imagedelivery/4fYuQyy-r8_rpBpcY7lH_A/tottusPE/42257709_1/width=240,height=240,quality=70,format=webp,fit=pad",S/ 0.60,https://tottus.falabella.com.pe/tottus-pe/product/113707653/semola-tottus-x-200-gr/113707656?exp=tottus,Flexible
Despensa,Arroz,Arroz Extra Costeño 750 g,COSTENO,"https://tottus.falabella.com.pe/cdn-cgi/imagedelivery/4fYuQyy-r8_rpBpcY7lH_A/tottusPE/10472603_1/width=240,height=240,quality=70,format=webp,fit=pad",S/ 4.90,https://tottus.falabella.com.pe/tottus-pe/product/113707117/arroz-extra-costeno-34-kg/113707119?exp=tottus,Flexible
Despensa,Cereales,Chocoriz Kids 380G,TOTTUS,"https://tottus.falabella.com.pe/cdn-cgi/imagedelivery/4fYuQyy-r8_rpBpcY7lH_A/tottusPE/42673664_1/width=240,height=240,quality=70,format=webp,fit=pad",S/ 13.90,https://tottus.falabella.com.pe/tottus-pe/product/117001738/chocoriz-tottus-kids-380g/117001739?exp=tottus,Flexible
Despensa,Sin subcategoría,Fideos Penne Rigate Premium de 500 g,TOTTUS,"https://tottus.falabella.com.pe/cdn-cgi/imagedelivery/4fYuQyy-r8_rpBpcY7lH_A/tottusPE/42326944_1/width=240,height=240,quality=70,format=webp,fit=pad",S/ 5.40,https://tottus.falabella.com.pe/tottus-pe/product/116239862/penne-rigate-tottus-x-500-gr/116239863?exp=tottus,Rígido
Despensa,Sin subcategoría,MANJARBLANCO X 500G,BONLE,"https://tottus.falabella.com.pe/cdn-cgi/imagedelivery/4fYuQyy-r8_rpBpcY7lH_A/tottusPE/42946518_1/width=240,height=240,quality=70,format=webp,fit=pad",S/ 10.90,https://tottus.falabella.com.pe/tottus-pe/product/117017111/bonle-manjarblanco-x-500g/117017112?exp=tottus,Flexible
Despensa,Condimentos,Salsa Vinagreta Clásica Valle Fértil 370 g,VALLE FERTIL,"https://tottus.falabella.com.pe/cdn-cgi/imagedelivery/4fYuQyy-r8_rpBpcY7lH_A/tottusPE/40532124_1/width=240,height=240,quality=70,format=webp,fit=pad",S/ 9.80,https://tottus.falabella.com.pe/tottus-pe/product/113712430/vinagreta-clasica-valle-fertil-370g/113712431?exp=tottus,Rígido
Despensa,Condimentos,Mostaza amarilla,TOTTUS,"https://tottus.falabella.com.pe/cdn-cgi/imagedelivery/4fYuQyy-r8_rpBpcY7lH_A/tottusPE/41709611_1/width=240,height=240,quality=70,format=webp,fit=pad",S/ 9.90,https://tottus.falabella.com.pe/tottus-pe/product/113930648/mostaza-amarilla-tottus-x-397g/113930649?exp=tottus,Rígido
Despensa,Panadería,Mini Pingüinos Marinela - 10 unidades,BIMBO,"https://tottus.falabella.com.pe/cdn-cgi/imagedelivery/4fYuQyy-r8_rpBpcY7lH_A/tottusPE/42435555_1/width=240,height=240,quality=70,format=webp,fit=pad",S/ 10.90,https://tottus.falabella.com.pe/tottus-pe/product/113707244/mini-pinguino-x-200g/113707245?exp=tottus,Flexible
Despensa,Sin subcategoría,Picarones Buñuelos 165 g,PROVENZAL,"https://tottus.falabella.com.pe/cdn-cgi/imagedelivery/4fYuQyy-r8_rpBpcY7lH_A/tottusPE/10337894_1/width=240,height=240,quality=70,format=webp,fit=pad",S/ 11.50,https://tottus.falabella.com.pe/tottus-pe/product/115986426/picarones-c-miel-caja-x-165gr/115986427?exp=tottus,Flexible
Despensa,Pastas,Fideos Spaghetti Libre de Gluten 400g,TOTTUS,"https://tottus.falabella.com.pe/cdn-cgi/imagedelivery/4fYuQyy-r8_rpBpcY7lH_A/tottusPE/42385021_1/width=240,height=240,quality=70,format=webp,fit=pad",S/ 6.90,https://tottus.falabella.com.pe/tottus-pe/product/114116430/spaghetti-libre-de-gluten-tottus-x-400-gr/114116431?exp=tottus,Flexible
Despensa,Sin subcategoría,Arroz Extra 750 g,PACASMAYO,"https://tottus.falabella.com.pe/cdn-cgi/imagedelivery/4fYuQyy-r8_rpBpcY7lH_A/tottusPE/43254709_1/width=240,height=240,quality=70,format=webp,fit=pad",S/ 4.70,https://tottus.falabella.com.pe/tottus-pe/product/128324179/arroz-extra-pacasmayo-750g/128324181?exp=tottus,Flexible
Despensa,Salsas y pastas,Puré de Tomate Pomarola Concentrado 110 g,MOLITALIA,"https://tottus.falabella.com.pe/cdn-cgi/imagedelivery/4fYuQyy-r8_rpBpcY7lH_A/tottusPE/42622118_1/width=240,height=240,quality=70,format=webp,fit=pad",S/ 1.80,https://tottus.falabella.com.pe/tottus-pe/product/113712086/pure-tomate-pomarola-concentrado-doypack-x-110g/113712087?exp=tottus,Rígido
Despensa,Especias,Orégano Pack 6 Unidades,SIBARITA,"https://tottus.falabella.com.pe/cdn-cgi/imagedelivery/4fYuQyy-r8_rpBpcY7lH_A/tottusPE/40723197_1/width=240,height=240,quality=70,format=webp,fit=pad",S/ 1.10,https://tottus.falabella.com.pe/tottus-pe/product/113706031/oregano-sibarita-x-35-gr-x-6-unid/113706032?exp=tottus,Rígido
Despensa,Aceites,Aceite vegetal de 900 mL,TOTTUS,"https://tottus.falabella.com.pe/cdn-cgi/imagedelivery/4fYuQyy-r8_rpBpcY7lH_A/tottusPE/42842306_1/width=240,height=240,quality=70,format=webp,fit=pad",S/ 6.10,https://tottus.falabella.com.pe/tottus-pe/product/115776531/aceite-vegetal-tottus-x-900ml/115776532?exp=tottus,Rígido
Despensa,Condimentos,Mayonesa 475 g,ALACENA,"https://tottus.falabella.com.pe/cdn-cgi/imagedelivery/4fYuQyy-r8_rpBpcY7lH_A/tottusPE/10170543_1/width=240,height=240,quality=70,format=webp,fit=pad",S/ 12.90,https://tottus.falabella.com.pe/tottus-pe/product/113712628/mayonesa-alacena-doypack-x-475g/113712629?exp=tottus,Rígido
Despensa,Chocolates,Chocolate Kisses Cookies And Creme Empaque 102 g,HERSHEYS,"https://tottus.falabella.com.pe/cdn-cgi/imagedelivery/4fYuQyy-r8_rpBpcY7lH_A/tottusPE/42249510_1/width=240,height=240,quality=70,format=webp,fit=pad",S/ 17.50,https://tottus.falabella.com.pe/tottus-pe/product/115874983/kisses-cookies-n-creme-102gr/115874984?exp=tottus,Flexible
Despensa,Sin subcategoría,Fideo Spaghetti 500 g,GRANO DE ORO,"https://tottus.falabella.com.pe/cdn-cgi/imagedelivery/4fYuQyy-r8_rpBpcY7lH_A/tottusPE/40119582_1/width=240,height=240,quality=70,format=webp,fit=pad",S/ 2.80,https://tottus.falabella.com.pe/tottus-pe/product/115848850/fideo-spaguetti-grano-de-orox500gr/115848851?exp=tottus,Rígido
Despensa,Sin subcategoría,Lenteja Costeño 500 g,COSTENO,"https://tottus.falabella.com.pe/cdn-cgi/imagedelivery/4fYuQyy-r8_rpBpcY7lH_A/tottusPE/10167792_1/width=240,height=240,quality=70,format=webp,fit=pad",S/ 5.40,https://tottus.falabella.com.pe/tottus-pe/product/115813339/costeno-lenteja-x-500-gr/115813340?exp=tottus,Rígido
Despensa,Sin subcategoría,Fourpack Gelatina Sabor Naranja Yopi 480 g,LAIVE,"https://tottus.falabella.com.pe/cdn-cgi/imagedelivery/4fYuQyy-r8_rpBpcY7lH_A/tottusPE/43276601_1/width=240,height=240,quality=70,format=webp,fit=pad",S/ 9.20,https://tottus.falabella.com.pe/tottus-pe/product/129238077/4pack-gelatina-sabor-naranja-yopi-480g/129238078?exp=tottus,Flexible
Despensa,Sin subcategoría,Arroz Costeño Añejo Extra Costeño 5Kg,COSTENO,"https://tottus.falabella.com.pe/cdn-cgi/imagedelivery/4fYuQyy-r8_rpBpcY7lH_A/tottusPE/43166081_1/width=240,height=240,quality=70,format=webp,fit=pad",S/ 26.90,https://tottus.falabella.com.pe/tottus-pe/product/124763714/arroz-anejo-extra-costeno-5kg/124763716?exp=tottus,Flexible
Despensa,Sin subcategoría,PASTA SPAGUETTI X 950G,TOTTUS,"https://tottus.falabella.com.pe/cdn-cgi/imagedelivery/4fYuQyy-r8_rpBpcY7lH_A/tottusPE/42987604_1/width=240,height=240,quality=70,format=webp,fit=pad",S/ 5.40,https://tottus.falabella.com.pe/tottus-pe/product/117250444/pasta-spaguetti-tottus-x-950g/117250445?exp=tottus,Rígido
Despensa,Aceites de Oliva,Aceite de Oliva Extra Virgen 2 L,TOTTUS,"https://tottus.falabella.com.pe/cdn-cgi/imagedelivery/4fYuQyy-r8_rpBpcY7lH_A/tottusPE/42187245_01/width=240,height=240,quality=70,format=webp,fit=pad",S/ 102.90,https://tottus.falabella.com.pe/tottus-pe/product/113712868/aceite-de-oliva-extra-virgen-tottus-x2l/113712869?exp=tottus,Rígido
Despensa,Sin subcategoría,Hellmanns Mayonesa Original Doypack 475 g,HELLMANN'S,"https://tottus.falabella.com.pe/cdn-cgi/imagedelivery/4fYuQyy-r8_rpBpcY7lH_A/tottusPE/43254705_1/width=240,height=240,quality=70,format=webp,fit=pad",S/ 14.90,https://tottus.falabella.com.pe/tottus-pe/product/128324177/hellmanns-mayonesa-original-doypack-475g/128324180?exp=tottus,Flexible
Despensa,Féculas,Harina de Maíz Blanco Precocido 1 kg,PAN,"https://tottus.falabella.com.pe/cdn-cgi/imagedelivery/4fYuQyy-r8_rpBpcY7lH_A/tottusPE/41058733_1/width=240,height=240,quality=70,format=webp,fit=pad",S/ 8.50,https://tottus.falabella.com.pe/tottus-pe/product/114405041/harina-de-maiz-bl-precocido-x-1kg/114405042?exp=tottus,Flexible
Despensa,Bolsa 30 g,SALSA PESTO EN POLVO TOTTUSX 30 GR,TOTTUS,"https://tottus.falabella.com.pe/cdn-cgi/imagedelivery/4fYuQyy-r8_rpBpcY7lH_A/tottusPE/42677991_1/width=240,height=240,quality=70,format=webp,fit=pad",S/ 2,https://tottus.falabella.com.pe/tottus-pe/product/115855858/salsa-pesto-en-polvo-tottusx-30-gr/115855859?exp=tottus,Rígido
Despensa,UNIDAD,CREMA DE AVELLANAS FERRERO X 220GR,NUTELLA,"https://tottus.falabella.com.pe/cdn-cgi/imagedelivery/4fYuQyy-r8_rpBpcY7lH_A/tottusPE/42305026_1/width=240,height=240,quality=70,format=webp,fit=pad",S/ 29.90,https://tottus.falabella.com.pe/tottus-pe/product/113707921/crema-de-avellanas-nutella-ferrero-x-220gr/113707922?exp=tottus,Rígido
Despensa,"Sopas, cremas y caldos",Caldo Sabor Carne Doña Gusta 6 Unidades,AJINOMOTO,"https://tottus.falabella.com.pe/cdn-cgi/imagedelivery/4fYuQyy-r8_rpBpcY7lH_A/tottusPE/20128505_1/width=240,height=240,quality=70,format=webp,fit=pad",S/ 1.10,https://tottus.falabella.com.pe/tottus-pe/product/113706548/dona-gusta-caldo-carne-en-polvo-cjx6-sachets/113706549?exp=tottus,Rígido
Despensa,Sin subcategoría,Corazón Alcachofas En Salmuera Frasco x 410 g,OLIVOS DEL SUR,"https://tottus.falabella.com.pe/cdn-cgi/imagedelivery/4fYuQyy-r8_rpBpcY7lH_A/tottusPE/43442634_1/width=240,height=240,quality=70,format=webp,fit=pad",S/ 17.60,https://tottus.falabella.com.pe/tottus-pe/product/138899767/corazon-alca-salmu-olivos-del-sur-410-g/138899772?exp=tottus,Rígido
Despensa,Sin subcategoría,Cobertura Bitter Negusa x 600 g,Sin marca,"https://tottus.falabella.com.pe/cdn-cgi/imagedelivery/4fYuQyy-r8_rpBpcY7lH_A/tottusPE/40330218_1/width=240,height=240,quality=70,format=webp,fit=pad",S/ 14.99,https://tottus.falabella.com.pe/tottus-pe/product/135053626/cobertura--bitter--negusa--600gr/135053632?exp=tottus,Rígido
Despensa,Condimentos,Vinagreta Finas Hierbas 200 mL,EL OLIVAR,"https://tottus.falabella.com.pe/cdn-cgi/imagedelivery/4fYuQyy-r8_rpBpcY7lH_A/tottusPE/10389129_1/width=240,height=240,quality=70,format=webp,fit=pad",S/ 10.20,https://tottus.falabella.com.pe/tottus-pe/product/113714748/el-olivar-vinagreta-finas-hierbas-10389129/113714749?exp=tottus,Rígido
Despensa,Caja 22 g,GELATINA SABOR NARANJA LIGHT X 22G,TOTTUS,"https://tottus.falabella.com.pe/cdn-cgi/imagedelivery/4fYuQyy-r8_rpBpcY7lH_A/tottusPE/41344044_1/width=240,height=240,quality=70,format=webp,fit=pad",S/ 2.90,https://tottus.falabella.com.pe/tottus-pe/product/113936127/gelatina-sabor-naranja-light-tottus-x-22g/113936128?exp=tottus,Flexible
Despensa,Sin subcategoría,Granola Bites Cinammon Roll Sumkha Envase x 100 g,Sin marca,"https://tottus.falabella.com.pe/cdn-cgi/imagedelivery/4fYuQyy-r8_rpBpcY7lH_A/tottusPE/43442662_1/width=240,height=240,quality=70,format=webp,fit=pad",S/ 8.90,https://tottus.falabella.com.pe/tottus-pe/product/138899826/granola-bites-cinammon-roll-sumkha-100g/138899828?exp=tottus,Rígido
Despensa,Condimentos,Sal de mar para cocina de 1 kg,MARINA,"https://tottus.falabella.com.pe/cdn-cgi/imagedelivery/4fYuQyy-r8_rpBpcY7lH_A/tottusPE/41458531_1/width=240,height=240,quality=70,format=webp,fit=pad",S/ 2,https://tottus.falabella.com.pe/tottus-pe/product/113707784/sal-marina-emsal-cocina-bolsa-x-1-kg/113707787?exp=tottus,Rígido
Despensa,Sin subcategoría,Fideo Codo Mediano Rayado Bolsa 235g,MOLITALIA,"https://tottus.falabella.com.pe/cdn-cgi/imagedelivery/4fYuQyy-r8_rpBpcY7lH_A/tottusPE/43081766_1/width=240,height=240,quality=70,format=webp,fit=pad",S/ 1.60,https://tottus.falabella.com.pe/tottus-pe/product/120062270/fideo-molitalia-codo-mediano-rayado-bolsa-235g/120062271?exp=tottus,Flexible
Despensa,Arroz,Arroz Extra 5 Kg,PAISANA,"https://tottus.falabella.com.pe/cdn-cgi/imagedelivery/4fYuQyy-r8_rpBpcY7lH_A/tottusPE/41470816_1/width=240,height=240,quality=70,format=webp,fit=pad",S/ 23.90,https://tottus.falabella.com.pe/tottus-pe/product/113705624/arroz-paisana-extra-5-kg/113705625?exp=tottus,Flexible
Despensa,Legumbres,Lentejas bebé de 1 kg,TOTTUS,"https://tottus.falabella.com.pe/cdn-cgi/imagedelivery/4fYuQyy-r8_rpBpcY7lH_A/tottusPE/42276924_1/width=240,height=240,quality=70,format=webp,fit=pad",S/ 10.50,https://tottus.falabella.com.pe/tottus-pe/product/113707629/tottus-lenteja-bebe-tottus-x-1kg/113707630?exp=tottus,Flexible
Despensa,Postres listos,Helado Sabor Chocolate Con Stevia 50 g,UNIVERSAL,"https://tottus.falabella.com.pe/cdn-cgi/imagedelivery/4fYuQyy-r8_rpBpcY7lH_A/tottusPE/41402033_1/width=240,height=240,quality=70,format=webp,fit=pad",S/ 5.10,https://tottus.falabella.com.pe/tottus-pe/product/115724888/helado-con-stevia-sabor-chocolat-universal-x50gr/115724889?exp=tottus,Rígido
Despensa,Condimentos,Ketchup 380 g,TOTTUS,https://e39a9f00db6c5bc097f9-75bc5dce1d64f93372e7c97ed35869cb.ssl.cf1.rackcdn.com/42887741-bsC_UMJm-medium.jpg,S/ 5.90,https://tottus.falabella.com.pe/tottus-pe/product/116652787/ketchup-tottus-x-380-g/116652788?exp=tottus,Flexible
Despensa,Especias,Curry en Polvo 56.7 g,BADIA,"https://tottus.falabella.com.pe/cdn-cgi/imagedelivery/4fYuQyy-r8_rpBpcY7lH_A/tottusPE/40537385_1/width=240,height=240,quality=70,format=webp,fit=pad",S/ 11.10,https://tottus.falabella.com.pe/tottus-pe/product/113706534/frasco-curry-en-polvo-x-5670-gr-badia/113706535?exp=tottus,Flexible
Despensa,Sin subcategoría,Salsa Hunts Picante Wings 550 g,HUNT,"https://tottus.falabella.com.pe/cdn-cgi/imagedelivery/4fYuQyy-r8_rpBpcY7lH_A/tottusPE/43254703_1/width=240,height=240,quality=70,format=webp,fit=pad",S/ 17.50,https://tottus.falabella.com.pe/tottus-pe/product/128324176/salsa-hunts-picante-wings-550g/128324178?exp=tottus,Rígido
Despensa,Sin subcategoría,Salsa Bbq Original 510 g,TOTTUS,"https://tottus.falabella.com.pe/cdn-cgi/imagedelivery/4fYuQyy-r8_rpBpcY7lH_A/tottusPE/40694047_1/width=240,height=240,quality=70,format=webp,fit=pad",S/ 9.90,https://tottus.falabella.com.pe/tottus-pe/product/115890595/salsa-barbecue-original-tottus-510g/115890596?exp=tottus,Flexible
Despensa,Sin subcategoría,Mezcla Concentrada Leche Topping x 397 g,NESTLE,"https://tottus.falabella.com.pe/cdn-cgi/imagedelivery/4fYuQyy-r8_rpBpcY7lH_A/tottusPE/43392922_1/width=240,height=240,quality=70,format=webp,fit=pad",S/ 5.50,https://tottus.falabella.com.pe/tottus-pe/product/135908266/MEZCLA-CONCEN-LECHE-NESTLE-TOPPING-X397G/135908267?exp=tottus,Flexible
Despensa,Sin subcategoría,Salsa Bbq Picante Valle Fértil 370 g,VALLE FERTIL,"https://tottus.falabella.com.pe/cdn-cgi/imagedelivery/4fYuQyy-r8_rpBpcY7lH_A/tottusPE/40532155_1/width=240,height=240,quality=70,format=webp,fit=pad",S/ 10.30,https://tottus.falabella.com.pe/tottus-pe/product/115862182/salsa-bbq-picante-valle-fertil-420g/115862183?exp=tottus,Flexible
Despensa,Sin subcategoría,Tallarines Shin Ramyun With Cheese 136 g,Sin marca,"https://tottus.falabella.com.pe/cdn-cgi/imagedelivery/4fYuQyy-r8_rpBpcY7lH_A/tottusPE/43385230_1/width=240,height=240,quality=70,format=webp,fit=pad",S/ 9.50,https://tottus.falabella.com.pe/tottus-pe/product/135315348/tallarines-shin-ramyun-with-cheese-136-g/135315350?exp=tottus,Flexible
Despensa,Conservas de comidas preparadas,Lentejas con tocino 425 gr,TOTTUS,"https://tottus.falabella.com.pe/cdn-cgi/imagedelivery/4fYuQyy-r8_rpBpcY7lH_A/tottusPE/42226195_1/width=240,height=240,quality=70,format=webp,fit=pad",S/ 7.10,https://tottus.falabella.com.pe/tottus-pe/product/113712068/lentejas-con-tocino-tottus-x-425g/113712069?exp=tottus,Flexible
Despensa,Sin subcategoría,MAIZENA PURA FECULA DE MAIZ CAJA X 100G,DURYEA,"https://tottus.falabella.com.pe/cdn-cgi/imagedelivery/4fYuQyy-r8_rpBpcY7lH_A/FalabellaPEAndCO/NoImage/width=240,height=240,quality=70,format=webp,fit=pad",S/ 3,https://tottus.falabella.com.pe/tottus-pe/product/122337549/maizena-duryea-pura-fecula-de-maiz-caja-x-100g/122337552?exp=tottus,Flexible
Despensa,Sin subcategoría,Gelatina Cereza 130g,UNIVERSAL,"https://tottus.falabella.com.pe/cdn-cgi/imagedelivery/4fYuQyy-r8_rpBpcY7lH_A/tottusPE/43108314_1/width=240,height=240,quality=70,format=webp,fit=pad",S/ 4.30,https://tottus.falabella.com.pe/tottus-pe/product/121379371/gelatina-universa-cereza-130g/121379373?exp=tottus,Flexible
Despensa,Sin subcategoría,Arroz Costeño Añejo Bolsa x 10 Kg,COSTENO,"https://tottus.falabella.com.pe/cdn-cgi/imagedelivery/4fYuQyy-r8_rpBpcY7lH_A/tottusPE/43406235_1/width=240,height=240,quality=70,format=webp,fit=pad",S/ 49.90,https://tottus.falabella.com.pe/tottus-pe/product/136951377/arroz-costeno-anejo-bolsa-x-10-kg/136951379?exp=tottus,Flexible
Despensa,Conservas de vegetales,Conserva Vegetales Mixtos Envase 425 g,VALLE FERTIL,"https://tottus.falabella.com.pe/cdn-cgi/imagedelivery/4fYuQyy-r8_rpBpcY7lH_A/tottusPE/41875961_1/width=240,height=240,quality=70,format=webp,fit=pad",S/ 8.80,https://tottus.falabella.com.pe/tottus-pe/product/113708959/vegetales-mixtos-valle-fertil-x-425g/113708960?exp=tottus,Rígido
Despensa,Sin subcategoría,Hojuelas De Avena Original Doypack x 400 g,HUELLA VERDE,"https://tottus.falabella.com.pe/cdn-cgi/imagedelivery/4fYuQyy-r8_rpBpcY7lH_A/tottusPE/43442655_1/width=240,height=240,quality=70,format=webp,fit=pad",S/ 19.90,https://tottus.falabella.com.pe/tottus-pe/product/138899843/hojuelas-d-avena-orig-huella-verde-400gr/138899845?exp=tottus,Flexible
Despensa,Sin subcategoría,Filete de Atún en Aceite de Girasol 140g,FLORIDA,"https://tottus.falabella.com.pe/cdn-cgi/imagedelivery/4fYuQyy-r8_rpBpcY7lH_A/tottusPE/43105017_1/width=240,height=240,quality=70,format=webp,fit=pad",S/ 6.50,https://tottus.falabella.com.pe/tottus-pe/product/121214526/filete-de-atun-en-aceite-de-girasol-140g/121214528?exp=tottus,Rígido
Despensa,Condimentos,Crema Huancaina al plato,NICOLINI,"https://tottus.falabella.com.pe/cdn-cgi/imagedelivery/4fYuQyy-r8_rpBpcY7lH_A/tottusPE/41905735_1/width=240,height=240,quality=70,format=webp,fit=pad",S/ 7.60,https://tottus.falabella.com.pe/tottus-pe/product/113930314/crema-huancaina-nicolini-al-plato-doypack-x-190g/113930315?exp=tottus,Flexible
Despensa,Condimentos,Ajo Molido 350 g,PIKI,"https://tottus.falabella.com.pe/cdn-cgi/imagedelivery/4fYuQyy-r8_rpBpcY7lH_A/tottusPE/40444389_1/width=240,height=240,quality=70,format=webp,fit=pad",S/ 12.10,https://tottus.falabella.com.pe/tottus-pe/product/113714961/molido-doy-pack-x-350-grs-piki-ajos/113714962?exp=tottus,Flexible
Despensa,Snack,Aceituna Verde sin Pepa 240 g,TOTTUS,"https://tottus.falabella.com.pe/cdn-cgi/imagedelivery/4fYuQyy-r8_rpBpcY7lH_A/tottusPE/40765304_1/width=240,height=240,quality=70,format=webp,fit=pad",S/ 9.90,https://tottus.falabella.com.pe/tottus-pe/product/115939230/aceituna-verde-sin-pepa-x-240/115939231?exp=tottus,Flexible
Despensa,Conservas de vegetales,Alcachofa a la parrilla 220 g,CASA VERDE,"https://tottus.falabella.com.pe/cdn-cgi/imagedelivery/4fYuQyy-r8_rpBpcY7lH_A/tottusPE/41278450_1/width=240,height=240,quality=70,format=webp,fit=pad",S/ 8.70,https://tottus.falabella.com.pe/tottus-pe/product/113713549/alcachofa-grilled-casa-verde-x20gr/113713550?exp=tottus,Flexible
Despensa,Decoración y relleno,Cobertura de chocolate con leche 200 g,LA IBERICA,"https://tottus.falabella.com.pe/cdn-cgi/imagedelivery/4fYuQyy-r8_rpBpcY7lH_A/tottusPE/41286321_1/width=240,height=240,quality=70,format=webp,fit=pad",S/ 26.30,https://tottus.falabella.com.pe/tottus-pe/product/113714668/cobertura-de-leche-la-iberica-x200gr/113714669?exp=tottus,Flexible
Despensa,Féculas,Harina de Maca Negra 200 g,Sin marca,"https://tottus.falabella.com.pe/cdn-cgi/imagedelivery/4fYuQyy-r8_rpBpcY7lH_A/tottusPE/41680490_1/width=240,height=240,quality=70,format=webp,fit=pad",S/ 29.50,https://tottus.falabella.com.pe/tottus-pe/product/114452722/harina-de-maca-negra-nuestra-salud-x-200gr/114452723?exp=tottus,Flexible
Despensa,Féculas,Blend Nutricional 7 Semillas Clasico Doy Pack 200 g,NATURANDES,"https://tottus.falabella.com.pe/cdn-cgi/imagedelivery/4fYuQyy-r8_rpBpcY7lH_A/tottusPE/41040734_1/width=240,height=240,quality=70,format=webp,fit=pad",S/ 10.90,https://tottus.falabella.com.pe/tottus-pe/product/114407671/harina-de-7-semillas-naturandes-200g/114407673?exp=tottus,Flexible
Despensa,Conservas de vegetales,Tapenade de Aceitunas y Alcachofa de 185 g,TOTTUS,"https://tottus.falabella.com.pe/cdn-cgi/imagedelivery/4fYuQyy-r8_rpBpcY7lH_A/tottusPE/42020971_1/width=240,height=240,quality=70,format=webp,fit=pad",S/ 7.90,https://tottus.falabella.com.pe/tottus-pe/product/113707502/tapenade-aceitunas-con-alcachofa-tottus-x-185g/113707504?exp=tottus,Rígido
Despensa,Sin subcategoría,Garbanzos x 340 g,CASA VERDE,"https://tottus.falabella.com.pe/cdn-cgi/imagedelivery/4fYuQyy-r8_rpBpcY7lH_A/tottusPE/43399921_1/width=240,height=240,quality=70,format=webp,fit=pad",S/ 7.50,https://tottus.falabella.com.pe/tottus-pe/product/136375511/GARBANZOS-CASA-VERDE-X340G/136375513?exp=tottus,Rígido
Despensa,Sin subcategoría,Trozos De Atún En Aceite Pack 12 x 140 g,TOTTUS,"https://tottus.falabella.com.pe/cdn-cgi/imagedelivery/4fYuQyy-r8_rpBpcY7lH_A/tottusPE/43194331_1/width=240,height=240,quality=70,format=webp,fit=pad",S/ 49.90,https://tottus.falabella.com.pe/tottus-pe/product/125967192/Trozos-De-Atun-En-Aceite-Tottus-Pack-12-x-140-g/125967193?exp=tottus,Flexible
Despensa,Snack,Aceituna Botija sin Pepa 240 g,TOTTUS,"https://tottus.falabella.com.pe/cdn-cgi/imagedelivery/4fYuQyy-r8_rpBpcY7lH_A/tottusPE/40765303_1/width=240,height=240,quality=70,format=webp,fit=pad",S/ 7.90,https://tottus.falabella.com.pe/tottus-pe/product/114405767/aceituna-botija-sin-pepa-x-240/114405769?exp=tottus,Rígido
Despensa,Condimentos,Aderezo Casero 1 kg,EL OLIVAR,"https://tottus.falabella.com.pe/cdn-cgi/imagedelivery/4fYuQyy-r8_rpBpcY7lH_A/tottusPE/40688062_1/width=240,height=240,quality=70,format=webp,fit=pad",S/ 22.50,https://tottus.falabella.com.pe/tottus-pe/product/113712358/aderezo-el-olivar-casero-doy-pack-x-1kg/113712359?exp=tottus,Rígido
Despensa,Sin subcategoría,MEZCLA POLVO GELATINA FRESA BOLSA X 120G,UMSHA,"https://tottus.falabella.com.pe/cdn-cgi/imagedelivery/4fYuQyy-r8_rpBpcY7lH_A/tottusPE/42840505_1/width=240,height=240,quality=70,format=webp,fit=pad",S/ 4,https://tottus.falabella.com.pe/tottus-pe/product/116982236/mezcla-polvo-umsha-gelatina-fresa-bolsa-x-120g/116982237?exp=tottus,Flexible
Despensa,Arroz,Arroz Gourmet Extra Añejo Gran Chalán de 5 Kg,GRAN CHALAN,"https://tottus.falabella.com.pe/cdn-cgi/imagedelivery/4fYuQyy-r8_rpBpcY7lH_A/tottusPE/42093862_1/width=240,height=240,quality=70,format=webp,fit=pad",S/ 27.50,https://tottus.falabella.com.pe/tottus-pe/product/113715516/arroz-gran-chalan-gourmet-extra-anejo-x-5kg/113715517?exp=tottus,Flexible
Despensa,Aceites,Aceite de Oliva Carbonel Extra Virgen 1 L,CARBONELL,"https://tottus.falabella.com.pe/cdn-cgi/imagedelivery/4fYuQyy-r8_rpBpcY7lH_A/tottusPE/10172010_1/width=240,height=240,quality=70,format=webp,fit=pad",S/ 69.80,https://tottus.falabella.com.pe/tottus-pe/product/114404785/ac-oliv-carbonel-extvirg-pet-1-l/114404787?exp=tottus,Rígido
Despensa,Especias,Nuez Moscada Molida 56.7 g,BADIA,"https://tottus.falabella.com.pe/cdn-cgi/imagedelivery/4fYuQyy-r8_rpBpcY7lH_A/tottusPE/10165086_1/width=240,height=240,quality=70,format=webp,fit=pad",S/ 13.90,https://tottus.falabella.com.pe/tottus-pe/product/113928194/nuez-moscada-molida-x-5670-gr-badia/113928195?exp=tottus,Flexible
